<?xml version="1.0" encoding="UTF-8"?>
<GenRun Id="zybo_spi_pmodnav_ip_0_0_synth_1" LaunchPart="xc7z010clg400-1" LaunchTime="1768370476">
  <File Type="VDS-TIMING-PB" Name="zybo_spi_pmodnav_ip_0_0_timing_summary_synth.pb"/>
  <File Type="VDS-TIMINGSUMMARY" Name="zybo_spi_pmodnav_ip_0_0_timing_summary_synth.rpt"/>
  <File Type="RDS-DCP" Name="zybo_spi_pmodnav_ip_0_0.dcp"/>
  <File Type="RDS-UTIL-PB" Name="zybo_spi_pmodnav_ip_0_0_utilization_synth.pb"/>
  <File Type="RDS-UTIL" Name="zybo_spi_pmodnav_ip_0_0_utilization_synth.rpt"/>
  <File Type="RDS-PROPCONSTRS" Name="zybo_spi_pmodnav_ip_0_0_drc_synth.rpt"/>
  <File Type="RDS-RDS" Name="zybo_spi_pmodnav_ip_0_0.vds"/>
  <File Type="REPORTS-TCL" Name="zybo_spi_pmodnav_ip_0_0_reports.tcl"/>
  <File Type="PA-TCL" Name="zybo_spi_pmodnav_ip_0_0.tcl"/>
  <FileSet Name="sources" Type="BlockSrcs" RelSrcDir="$PSRCDIR/zybo_spi_pmodnav_ip_0_0">
    <File Path="$PSRCDIR/sources_1/bd/zybo_spi/ip/zybo_spi_pmodnav_ip_0_0/zybo_spi_pmodnav_ip_0_0.xci">
      <FileInfo>
        <Attr Name="Library" Val="xil_defaultlib"/>
        <Attr Name="ImportPath" Val="$PPRDIR/../zybo_spi/zybo_spi.srcs/sources_1/bd/zybo_spi/ip/zybo_spi_pmodnav_ip_0_0/zybo_spi_pmodnav_ip_0_0.xci"/>
        <Attr Name="ImportTime" Val="0"/>
        <Attr Name="UsedIn" Val="synthesis"/>
        <Attr Name="UsedIn" Val="implementation"/>
        <Attr Name="UsedIn" Val="simulation"/>
        <Attr Name="ProcessingOrder" Val="EARLY"/>
      </FileInfo>
    </File>
    <Config>
      <Option Name="TopModule" Val="zybo_spi_pmodnav_ip_0_0"/>
      <Option Name="UseBlackboxStub" Val="1"/>
    </Config>
  </FileSet>
  <FileSet Name="constrs_in" Type="BlockSrcs" RelSrcDir="$PSRCDIR/zybo_spi_pmodnav_ip_0_0">
    <File Path="$PSRCDIR/sources_1/bd/zybo_spi/ip/zybo_spi_pmodnav_ip_0_0/zybo_spi_pmodnav_ip_0_0.xci">
      <FileInfo>
        <Attr Name="Library" Val="xil_defaultlib"/>
        <Attr Name="ImportPath" Val="$PPRDIR/../zybo_spi/zybo_spi.srcs/sources_1/bd/zybo_spi/ip/zybo_spi_pmodnav_ip_0_0/zybo_spi_pmodnav_ip_0_0.xci"/>
        <Attr Name="ImportTime" Val="0"/>
        <Attr Name="UsedIn" Val="synthesis"/>
        <Attr Name="UsedIn" Val="implementation"/>
        <Attr Name="UsedIn" Val="simulation"/>
        <Attr Name="ProcessingOrder" Val="EARLY"/>
      </FileInfo>
    </File>
    <Config>
      <Option Name="TopModule" Val="zybo_spi_pmodnav_ip_0_0"/>
      <Option Name="UseBlackboxStub" Val="1"/>
    </Config>
  </FileSet>
  <FileSet Name="utils" Type="Utils" RelSrcDir="$PSRCDIR/utils_1">
    <Filter Type="Utils"/>
    <Config>
      <Option Name="TopAutoSet" Val="TRUE"/>
    </Config>
  </FileSet>
  <Strategy Version="1" Minor="2">
    <StratHandle Name="Vivado Synthesis Defaults" Flow="Vivado Synthesis 2019">
      <Desc>Vivado Synthesis Defaults</Desc>
    </StratHandle>
    <Step Id="synth_design"/>
  </Strategy>
</GenRun>
