<?xml version="1.0" encoding="UTF-8"?>
<GenRun Id="synth_1" LaunchPart="xc7z010clg400-1" LaunchTime="1768370476">
  <File Type="VDS-TIMING-PB" Name="zybo_spi_wrapper_timing_summary_synth.pb"/>
  <File Type="VDS-TIMINGSUMMARY" Name="zybo_spi_wrapper_timing_summary_synth.rpt"/>
  <File Type="RDS-DCP" Name="zybo_spi_wrapper.dcp"/>
  <File Type="RDS-UTIL-PB" Name="zybo_spi_wrapper_utilization_synth.pb"/>
  <File Type="RDS-UTIL" Name="zybo_spi_wrapper_utilization_synth.rpt"/>
  <File Type="RDS-PROPCONSTRS" Name="zybo_spi_wrapper_drc_synth.rpt"/>
  <File Type="RDS-RDS" Name="zybo_spi_wrapper.vds"/>
  <File Type="REPORTS-TCL" Name="zybo_spi_wrapper_reports.tcl"/>
  <File Type="PA-TCL" Name="zybo_spi_wrapper.tcl"/>
  <FileSet Name="sources" Type="DesignSrcs" RelSrcDir="$PSRCDIR/sources_1">
    <Filter Type="Srcs"/>
    <File Path="$PSRCDIR/sources_1/bd/zybo_spi/zybo_spi.bd">
      <FileInfo>
        <Attr Name="ImportPath" Val="$PPRDIR/../zybo_spi/zybo_spi.srcs/sources_1/bd/zybo_spi/zybo_spi.bd"/>
        <Attr Name="ImportTime" Val="1767765919"/>
        <Attr Name="UsedIn" Val="synthesis"/>
        <Attr Name="UsedIn" Val="implementation"/>
        <Attr Name="UsedIn" Val="simulation"/>
      </FileInfo>
    </File>
    <File Path="$PSRCDIR/sources_1/bd/zybo_spi/hdl/zybo_spi_wrapper.v">
      <FileInfo>
        <Attr Name="ImportPath" Val="$PPRDIR/../zybo_spi/zybo_spi.srcs/sources_1/bd/zybo_spi/hdl/zybo_spi_wrapper.v"/>
        <Attr Name="ImportTime" Val="1767765919"/>
        <Attr Name="UsedIn" Val="synthesis"/>
        <Attr Name="UsedIn" Val="implementation"/>
        <Attr Name="UsedIn" Val="simulation"/>
      </FileInfo>
    </File>
    <File Path="$PSRCDIR/sources_1/new/spi_master.v">
      <FileInfo>
        <Attr Name="AutoDisabled" Val="1"/>
        <Attr Name="ImportPath" Val="$PPRDIR/../zybo_spi/zybo_spi.srcs/sources_1/new/spi_master.v"/>
        <Attr Name="ImportTime" Val="1767535377"/>
        <Attr Name="UsedIn" Val="synthesis"/>
        <Attr Name="UsedIn" Val="implementation"/>
        <Attr Name="UsedIn" Val="simulation"/>
      </FileInfo>
    </File>
    <File Path="$PSRCDIR/sources_1/new/top.v">
      <FileInfo>
        <Attr Name="AutoDisabled" Val="1"/>
        <Attr Name="ImportPath" Val="$PPRDIR/../zybo_spi/zybo_spi.srcs/sources_1/new/top.v"/>
        <Attr Name="ImportTime" Val="1767678319"/>
        <Attr Name="UsedIn" Val="synthesis"/>
        <Attr Name="UsedIn" Val="implementation"/>
        <Attr Name="UsedIn" Val="simulation"/>
      </FileInfo>
    </File>
    <Config>
      <Option Name="DesignMode" Val="RTL"/>
      <Option Name="TopModule" Val="zybo_spi_wrapper"/>
    </Config>
  </FileSet>
  <FileSet Name="constrs_in" Type="Constrs" RelSrcDir="$PSRCDIR/constrs_1">
    <Filter Type="Constrs"/>
    <File Path="$PSRCDIR/constrs_1/new/top.xdc">
      <FileInfo>
        <Attr Name="UserDisabled" Val="1"/>
        <Attr Name="ImportPath" Val="$PPRDIR/../zybo_spi/zybo_spi.srcs/constrs_1/new/top.xdc"/>
        <Attr Name="ImportTime" Val="1767527289"/>
        <Attr Name="UsedIn" Val="synthesis"/>
        <Attr Name="UsedIn" Val="implementation"/>
      </FileInfo>
    </File>
    <File Path="$PSRCDIR/constrs_1/new/top_bd.xdc">
      <FileInfo>
        <Attr Name="ImportPath" Val="$PPRDIR/../zybo_spi/zybo_spi.srcs/constrs_1/new/top_bd.xdc"/>
        <Attr Name="ImportTime" Val="1767683737"/>
        <Attr Name="UsedIn" Val="synthesis"/>
        <Attr Name="UsedIn" Val="implementation"/>
      </FileInfo>
    </File>
    <Config>
      <Option Name="ConstrsType" Val="XDC"/>
    </Config>
  </FileSet>
  <FileSet Name="utils" Type="Utils" RelSrcDir="$PSRCDIR/utils_1">
    <Filter Type="Utils"/>
    <Config>
      <Option Name="TopAutoSet" Val="TRUE"/>
    </Config>
  </FileSet>
  <Strategy Version="1" Minor="2">
    <StratHandle Name="Vivado Synthesis Defaults" Flow="Vivado Synthesis 2019"/>
    <Step Id="synth_design"/>
  </Strategy>
  <BlockFileSet Type="BlockSrcs" Name="zybo_spi_pmodnav_ip_0_0"/>
</GenRun>
