<?xml version="1.0" encoding="UTF-8"?>
<GenRun Id="zybo_spi_accel_spi_ip_0_3_synth_1" LaunchPart="xc7z010clg400-1" LaunchTime="1767765920">
  <File Type="VDS-TIMING-PB" Name="zybo_spi_accel_spi_ip_0_3_timing_summary_synth.pb"/>
  <File Type="VDS-TIMINGSUMMARY" Name="zybo_spi_accel_spi_ip_0_3_timing_summary_synth.rpt"/>
  <File Type="RDS-DCP" Name="zybo_spi_accel_spi_ip_0_3.dcp"/>
  <File Type="REPORTS-TCL" Name="zybo_spi_accel_spi_ip_0_3_reports.tcl"/>
  <File Type="PA-TCL" Name="zybo_spi_accel_spi_ip_0_3.tcl"/>
  <File Type="RDS-RDS" Name="zybo_spi_accel_spi_ip_0_3.vds"/>
  <File Type="RDS-PROPCONSTRS" Name="zybo_spi_accel_spi_ip_0_3_drc_synth.rpt"/>
  <File Type="RDS-UTIL" Name="zybo_spi_accel_spi_ip_0_3_utilization_synth.rpt"/>
  <File Type="RDS-UTIL-PB" Name="zybo_spi_accel_spi_ip_0_3_utilization_synth.pb"/>
  <FileSet Name="sources" Type="BlockSrcs" RelSrcDir="$PSRCDIR/zybo_spi_accel_spi_ip_0_3">
    <File Path="$PSRCDIR/sources_1/bd/zybo_spi/ip/zybo_spi_accel_spi_ip_0_3/zybo_spi_accel_spi_ip_0_3.xci">
      <FileInfo>
        <Attr Name="Library" Val="xil_defaultlib"/>
        <Attr Name="UsedIn" Val="synthesis"/>
        <Attr Name="UsedIn" Val="implementation"/>
        <Attr Name="UsedIn" Val="simulation"/>
        <Attr Name="ProcessingOrder" Val="EARLY"/>
      </FileInfo>
    </File>
    <Config>
      <Option Name="TopModule" Val="zybo_spi_accel_spi_ip_0_3"/>
      <Option Name="UseBlackboxStub" Val="1"/>
    </Config>
  </FileSet>
  <FileSet Name="constrs_in" Type="BlockSrcs" RelSrcDir="$PSRCDIR/zybo_spi_accel_spi_ip_0_3">
    <File Path="$PSRCDIR/sources_1/bd/zybo_spi/ip/zybo_spi_accel_spi_ip_0_3/zybo_spi_accel_spi_ip_0_3.xci">
      <FileInfo>
        <Attr Name="Library" Val="xil_defaultlib"/>
        <Attr Name="UsedIn" Val="synthesis"/>
        <Attr Name="UsedIn" Val="implementation"/>
        <Attr Name="UsedIn" Val="simulation"/>
        <Attr Name="ProcessingOrder" Val="EARLY"/>
      </FileInfo>
    </File>
    <Config>
      <Option Name="TopModule" Val="zybo_spi_accel_spi_ip_0_3"/>
      <Option Name="UseBlackboxStub" Val="1"/>
    </Config>
  </FileSet>
  <FileSet Name="utils" Type="Utils" RelSrcDir="$PSRCDIR/utils_1">
    <Filter Type="Utils"/>
    <Config>
      <Option Name="TopAutoSet" Val="TRUE"/>
    </Config>
  </FileSet>
  <Strategy Version="1" Minor="2">
    <StratHandle Name="Vivado Synthesis Defaults" Flow="Vivado Synthesis 2019">
      <Desc>Vivado Synthesis Defaults</Desc>
    </StratHandle>
    <Step Id="synth_design"/>
  </Strategy>
</GenRun>
