<?xml version="1.0"?>
<Runs Version="1" Minor="0">
	<Run Id="zybo_pmod_xbar_0_synth_1" LaunchDir="/home/maron/vivado_project/zybo-7000/zybo_pmod/zybo_pmod.runs/zybo_pmod_xbar_0_synth_1" FlowId="Vivado_Synthesis" FromStepId="vivado" ToStepId="vivado"/>
	<Run Id="zybo_pmod_processing_system7_0_0_synth_1" LaunchDir="/home/maron/vivado_project/zybo-7000/zybo_pmod/zybo_pmod.runs/zybo_pmod_processing_system7_0_0_synth_1" FlowId="Vivado_Synthesis" FromStepId="vivado" ToStepId="vivado"/>
	<Run Id="zybo_pmod_PmodNAV_0_1_synth_1" LaunchDir="/home/maron/vivado_project/zybo-7000/zybo_pmod/zybo_pmod.runs/zybo_pmod_PmodNAV_0_1_synth_1" FlowId="Vivado_Synthesis" FromStepId="vivado" ToStepId="vivado"/>
	<Run Id="synth_1" LaunchDir="/home/maron/vivado_project/zybo-7000/zybo_pmod/zybo_pmod.runs/synth_1" FlowId="Vivado_Synthesis" FromStepId="vivado" ToStepId="vivado">
		<Parent Id="zybo_pmod_xbar_0_synth_1"/>
		<Parent Id="zybo_pmod_processing_system7_0_0_synth_1"/>
		<Parent Id="zybo_pmod_PmodNAV_0_1_synth_1"/>
	</Run>
	<Run Id="impl_1" LaunchDir="/home/maron/vivado_project/zybo-7000/zybo_pmod/zybo_pmod.runs/impl_1" FlowId="Vivado_Implementation" FromStepId="init_design" ToStepId="write_bitstream">
		<Parent Id="synth_1"/>
		<Parent Id="zybo_pmod_xbar_0_synth_1"/>
		<Parent Id="zybo_pmod_processing_system7_0_0_synth_1"/>
		<Parent Id="zybo_pmod_PmodNAV_0_1_synth_1"/>
	</Run>
	<Parameters>
		<Parameter Name="runs.monitorLSFJobs" Val="true" Type="bool"/>
	</Parameters>
</Runs>

